Workbook

Sheet CMI
A1: Customer Maturity Index (CMI) – (1 to 10)
A2: Pillar | B2: KPI Reference | E2: Weight | F2: Score | G2: Weighted Score
A3: Adoption | B3: 85% of total features active or in use | E3: 0.3 | F3: 9 | G3: =F3*E3 -> 2.7
A4: Usability | B4: At least 1 login per day | E4: 0.2 | F4: 10 | G4: =F4*E4 -> 2
A5: Knowledge | B5: Less than 10 support tickets per month | E5: 0.2 | F5: 6 | G5: =F5*E5 -> 1.2
A6: Revenue | B6: Payment on track / Not late / Increasing | E6: 0.3 | F6: 7 | G6: =F6*E6 -> 2.1
A8: CMI | B8: =SUM(G3:G6) -> 8
B12: Legend
B13: Action Required | C13: <5
B14: Attention | C14: >=5<8
B15: Fine | C15: >=8

Sheet CHS
A1: Customer Health Score (CHS)
A2: Consider the overall points among NPS, CSAT, CES, FCR & Churn. Each one may represent +20% or -20%
A4: KPI | B4: Score | C4: Minimum Accepted | D4: Health Score
A5: NPS | B5: =NPS!B14 -> 0.6 | C5: 0.51 | D5: =IF(B5>C5,0.2,-0.2) -> 0.2
A6: CSAT | B6: =CSAT!B14 -> 0.5 | C6: 0.51 | D6: =IF(B6>C6,0.2,-0.2) -> -0.2
A7: CES | B7: =CES!B12 -> 3.1666667 | C7: 2.1 | D7: =IF(B7>C7,0.2,-0.2) -> 0.2
A8: FCR | B8: =FCR!B12 -> 0.76666667 | C8: 0.75 | D8: =IF(B8>C8,0.2,-0.2) -> 0.2
A9: Churn | B9: =Churn!B10 -> -0.04 | C9: 0.03 | D9: =IF(B9>C9,0.2,-0.2) -> -0.2
A11: CHS | B11: =1-(SUM(D5:D9)) -> 0.8
B15: Legend
B16: Action Required | C16: <=50%
B17: Attention | C17: >=51<=74%
B18: Fine | C18: >=75%

Sheet NPS
A1: Net Promoter Score (NPS)
A2: On a scale of 1-10 (1 do not recommend; 10 fully recommend), how likely are you to recommend us?
A4: Customer A | B4: 5 | C4: =IF($B4<=6,"Detractors",IF($B4<=8,"Passives","Promoters")) -> Detractors | E4: Legend
A5: Customer B | B5: 9 | C5: =IF($B5<=6,"Detractors",IF($B5<=8,"Passives","Promoters")) -> Promoters | E5: Action Required | F5: <=50%
A6: Customer C | B6: 10 | C6: =IF($B6<=6,"Detractors",IF($B6<=8,"Passives","Promoters")) -> Promoters | E6: Attention | F6: >=51<=74%
A7: Customer D | B7: 8 | C7: =IF($B7<=6,"Detractors",IF($B7<=8,"Passives","Promoters")) -> Passives | E7: Fine | F7: >=75%
A8: Customer E | B8: 9 | C8: =IF($B8<=6,"Detractors",IF($B8<=8,"Passives","Promoters")) -> Promoters
A9: Customer F | B9: 10 | C9: =IF($B9<=6,"Detractors",IF($B9<=8,"Passives","Promoters")) -> Promoters
A11: Detractors | B11: =COUNTIF($C$4:$C$9,"Detractors") -> 1
A12: Promoters | B12: =COUNTIF($C$4:$C$9,"Promoters") -> 4
A14: NPS | B14: =($B$12-$B$11)/SUM($B$11:$B$12) -> 0.6

Sheet CSAT
A1: Customer Satisfaction Score (CSAT)
A2: On a scale of 1-5 (1 - Very Dissatisfied; 5 - Very Satisfied), how satisfied are you with our services?
A4: Customer A | B4: 5 | C4: =IF($B4<=2,"Dissatisfied",IF($B4<=3,"Passives","Satisfied")) -> Satisfied | E4: Legend
A5: Customer B | B5: 3 | C5: =IF($B5<=2,"Dissatisfied",IF($B5<=3,"Passives","Satisfied")) -> Passives | E5: Action Required | F5: <=50%
A6: Customer C | B6: 3 | C6: =IF($B6<=2,"Dissatisfied",IF($B6<=3,"Passives","Satisfied")) -> Passives | E6: Attention | F6: >=51<=74%
A7: Customer D | B7: 1 | C7: =IF($B7<=2,"Dissatisfied",IF($B7<=3,"Passives","Satisfied")) -> Dissatisfied | E7: Fine | F7: >=75%
A8: Customer E | B8: 4 | C8: =IF($B8<=2,"Dissatisfied",IF($B8<=3,"Passives","Satisfied")) -> Satisfied
A9: Customer F | B9: 5 | C9: =IF($B9<=2,"Dissatisfied",IF($B9<=3,"Passives","Satisfied")) -> Satisfied
A11: Dissatisfied | B11: =COUNTIF($C$4:$C$9,"Dissatisfied") -> 1
A12: Satisfied | B12: =COUNTIF($C$4:$C$9,"Satisfied") -> 3
A14: CSAT | B14: =($B$12-$B$11)/SUM($B$11:$B$12) -> 0.5

Sheet CES
A1: Customer Effort Score (CES)
A2: On a scale of 1-5 (1 - Very Difficult; 5 - Very Easy), how easy was it to resolve your issue?
A4: Customer A | B4: 3 | C4: =IF($B4<=2,"Difficult",IF($B4<=3,"Regular","Easy")) -> Regular | E4: Legend
A5: Customer B | B5: 4 | C5: =IF($B5<=2,"Difficult",IF($B5<=3,"Regular","Easy")) -> Easy | E5: Action Required | F5: <=2
A6: Customer C | B6: 5 | C6: =IF($B6<=2,"Difficult",IF($B6<=3,"Regular","Easy")) -> Easy | E6: Attention | F6: >2<=3
A7: Customer D | B7: 2 | C7: =IF($B7<=2,"Difficult",IF($B7<=3,"Regular","Easy")) -> Difficult | E7: Fine | F7: >3
A8: Customer E | B8: 2 | C8: =IF($B8<=2,"Difficult",IF($B8<=3,"Regular","Easy")) -> Difficult
A9: Customer F | B9: 3 | C9: =IF($B9<=2,"Difficult",IF($B9<=3,"Regular","Easy")) -> Regular
A12: CES | B12: =AVERAGE(B4:B9) -> 3.1666667

Sheet FCR
A1: First Contact Resolution Score (FCR)
A2: Has your query been closed during first contact?
A4: Total Tickets | B4: 300 | E4: Legend
A5: Total FCR | B5: 230 | E5: Action Required | F5: <=50%
E6: Attention | F6: >=51<=74%
E7: Fine | F7: >=75%
A12: FCR | B12: =B5/B4 -> 0.76666667

Sheet Churn
A1: ARR Churn
A3: Previous ARR | B3: 25000 | E3: Legend
A4: Current ARR | B4: 24000 | E4: Action Required | F4: < 3%
E5: Fine | F5: >= 3%
A10: Churn | B10: =(B4-B3)/B3 -> -0.04
